tissue,tf,plus,minus,unknown,total,score,imputed
NEPHRONPROGENITOR,ZNF384,11180,15754,0,26934,-0.16982252914531817,False
NEPHRONPROGENITOR,NFIX,8905,8760,0,17665,0.008208321539767903,False
NEPHRONPROGENITOR,MEIS1,5613,8186,0,13799,-0.18646278715848974,False
NEPHRONPROGENITOR,SOX15,5378,6892,0,12270,-0.12339038304808476,False
NEPHRONPROGENITOR,RHOXF1,6899,6401,0,13300,0.03744360902255639,False
NEPHRONPROGENITOR,GSX1,4920,6168,0,11088,-0.11255411255411256,False
NEPHRONPROGENITOR,SRY,4608,5682,0,10290,-0.1043731778425656,False
NEPHRONPROGENITOR,SHOX,4261,5701,0,9962,-0.1445492872917085,False
NEPHRONPROGENITOR,ISL2,4879,5576,0,10455,-0.06666666666666667,False
NEPHRONPROGENITOR,NFATC3,6245,4495,0,10740,0.16294227188081936,False
NEPHRONPROGENITOR,ALX3,3351,4434,0,7785,-0.13911368015414258,False
NEPHRONPROGENITOR,FOXP3,4249,4255,0,8504,-0.0007055503292568204,False
NEPHRONPROGENITOR,HIC2,5193,4206,0,9399,0.1050111714012129,False
NEPHRONPROGENITOR,NKX6-2,2816,4282,0,7098,-0.20653705269089884,False
NEPHRONPROGENITOR,ZNF354C,4635,4096,0,8731,0.06173405108235024,False
NEPHRONPROGENITOR,HOXA7,2840,3683,0,6523,-0.12923501456385098,False
NEPHRONPROGENITOR,HOXA6,2715,3857,0,6572,-0.17376749847839318,False
NEPHRONPROGENITOR,MEOX2,3190,3182,0,6372,0.0012554927809165098,False
NEPHRONPROGENITOR,HOXA10,2866,3119,0,5985,-0.04227234753550543,False
NEPHRONPROGENITOR,VAX1,2837,3281,0,6118,-0.07257273618829684,False
NEPHRONPROGENITOR,BARHL2,2894,3073,0,5967,-0.029998324115971173,False
NEPHRONPROGENITOR,VAX2,2742,3186,0,5928,-0.07489878542510121,False
NEPHRONPROGENITOR,HOXB3,2333,3151,0,5484,-0.14916119620714807,False
NEPHRONPROGENITOR,GSC2,2212,4018,0,6230,-0.2898876404494382,False
NEPHRONPROGENITOR,MSANTD3,3533,2916,0,6449,0.09567374786788649,False
NEPHRONPROGENITOR,TBX5,3173,2746,0,5919,0.07214056428450752,False
NEPHRONPROGENITOR,NKX2-4,2648,2935,0,5583,-0.05140605409278166,False
NEPHRONPROGENITOR,NR2C1,3284,2602,0,5886,0.11586816173972138,False
NEPHRONPROGENITOR,OTX2,2127,2709,0,4836,-0.12034739454094293,False
NEPHRONPROGENITOR,BARX2,1776,2674,0,4450,-0.20179775280898876,False
NEPHRONPROGENITOR,ZNF354A,1477,2765,0,4242,-0.30363036303630364,False
NEPHRONPROGENITOR,VSX1,1788,2584,0,4372,-0.18206770356816102,False
NEPHRONPROGENITOR,MEIS3,2320,2720,0,5040,-0.07936507936507936,False
NEPHRONPROGENITOR,RBPJ,2842,2144,0,4986,0.13999197753710388,False
NEPHRONPROGENITOR,FOXD3,1656,2547,0,4203,-0.21199143468950749,False
NEPHRONPROGENITOR,MXI1,2465,2292,0,4757,0.03636745848223671,False
NEPHRONPROGENITOR,NKX2-8,1748,2731,0,4479,-0.21946863139093548,False
NEPHRONPROGENITOR,MEF2A,1286,2212,0,3498,-0.26472269868496284,False
NEPHRONPROGENITOR,POU5F1,1518,2091,0,3609,-0.15876974231088944,False
NEPHRONPROGENITOR,SOX9,1293,2584,0,3877,-0.33298942481299976,False
MESOTHELIALEPICARDIUM,ZNF384,5210,9039,0,14249,-0.26872061197277003,False
MESOTHELIALEPICARDIUM,NFIX,4280,4715,0,8995,-0.048360200111172875,False
MESOTHELIALEPICARDIUM,MEIS1,3444,4424,0,7868,-0.12455516014234876,False
MESOTHELIALEPICARDIUM,SOX15,3645,3771,0,7416,-0.01699029126213592,False
MESOTHELIALEPICARDIUM,RHOXF1,2955,3497,0,6452,-0.08400495970241785,False
MESOTHELIALEPICARDIUM,GSX1,3706,3512,0,7218,0.02687725131615406,False
MESOTHELIALEPICARDIUM,SRY,3349,3321,0,6670,0.004197901049475262,False
MESOTHELIALEPICARDIUM,SHOX,3403,3141,0,6544,0.040036674816625914,False
MESOTHELIALEPICARDIUM,ISL2,3087,2915,0,6002,0.02865711429523492,False
MESOTHELIALEPICARDIUM,NFATC3,3908,2444,0,6352,0.2304785894206549,False
MESOTHELIALEPICARDIUM,ALX3,2818,2409,0,5227,0.0782475607422996,False
MESOTHELIALEPICARDIUM,FOXP3,2853,2332,0,5185,0.10048216007714561,False
MESOTHELIALEPICARDIUM,HIC2,2042,2210,0,4252,-0.03951081843838194,False
MESOTHELIALEPICARDIUM,NKX6-2,2210,2383,0,4593,-0.037666013498802525,False
MESOTHELIALEPICARDIUM,ZNF354C,1939,2127,0,4066,-0.046237088047220855,False
MESOTHELIALEPICARDIUM,HOXA7,2198,2053,0,4251,0.03410962126558457,False
MESOTHELIALEPICARDIUM,HOXA6,2056,2038,0,4094,0.004396678065461651,False
MESOTHELIALEPICARDIUM,MEOX2,2352,1875,0,4227,0.11284599006387509,False
MESOTHELIALEPICARDIUM,HOXA10,2372,1812,0,4184,0.1338432122370937,False
MESOTHELIALEPICARDIUM,VAX1,2077,1868,0,3945,0.05297845373891001,False
MESOTHELIALEPICARDIUM,BARHL2,2130,1730,0,3860,0.10362694300518134,False
MESOTHELIALEPICARDIUM,VAX2,2005,1627,0,3632,0.10407488986784141,False
MESOTHELIALEPICARDIUM,HOXB3,1714,1754,0,3468,-0.011534025374855825,False
MESOTHELIALEPICARDIUM,GSC2,1560,2037,0,3597,-0.13261050875729774,False
MESOTHELIALEPICARDIUM,MSANTD3,1310,1560,0,2870,-0.08710801393728224,False
MESOTHELIALEPICARDIUM,TBX5,1393,1468,0,2861,-0.026214610276127228,False
MESOTHELIALEPICARDIUM,NKX2-4,1018,1692,0,2710,-0.24870848708487084,False
MESOTHELIALEPICARDIUM,NR2C1,1240,1291,0,2531,-0.020150138285262742,False
MESOTHELIALEPICARDIUM,OTX2,1072,1494,0,2566,-0.16445830085736554,False
MESOTHELIALEPICARDIUM,BARX2,1495,1474,0,2969,0.007073088582014146,False
MESOTHELIALEPICARDIUM,ZNF354A,1038,1538,0,2576,-0.19409937888198758,False
MESOTHELIALEPICARDIUM,VSX1,1182,1363,0,2545,-0.07111984282907662,False
MESOTHELIALEPICARDIUM,MEIS3,1176,1448,0,2624,-0.10365853658536585,False
MESOTHELIALEPICARDIUM,RBPJ,1385,1185,0,2570,0.07782101167315175,False
MESOTHELIALEPICARDIUM,FOXD3,940,1419,0,2359,-0.20305214073760067,False
MESOTHELIALEPICARDIUM,MXI1,1249,1179,0,2428,0.028830313014827018,False
MESOTHELIALEPICARDIUM,NKX2-8,1033,1576,0,2609,-0.20812571866615562,False
MESOTHELIALEPICARDIUM,MEF2A,678,1285,0,1963,-0.3092205807437596,False
MESOTHELIALEPICARDIUM,POU5F1,1257,1173,0,2430,0.0345679012345679,False
MESOTHELIALEPICARDIUM,SOX9,804,1446,0,2250,-0.2853333333333333,False
OSTEOCYTE,ZNF384,8158,8722,0,16880,-0.033412322274881515,False
OSTEOCYTE,NFIX,4045,4564,0,8609,-0.06028574747357417,False
OSTEOCYTE,MEIS1,3355,4347,0,7702,-0.12879771487925215,False
OSTEOCYTE,SOX15,3977,3596,0,7573,0.05031031295391523,False
OSTEOCYTE,RHOXF1,2888,3322,0,6210,-0.06988727858293076,False
OSTEOCYTE,GSX1,3996,3460,0,7456,0.07188841201716738,False
OSTEOCYTE,SRY,4120,3252,0,7372,0.11774281063483451,False
OSTEOCYTE,SHOX,3741,3145,0,6886,0.08655242521057217,False
OSTEOCYTE,ISL2,3128,2890,0,6018,0.03954802259887006,False
OSTEOCYTE,NFATC3,4005,2539,0,6544,0.22402200488997556,False
OSTEOCYTE,ALX3,3077,2408,0,5485,0.12196900638103919,False
OSTEOCYTE,FOXP3,2890,2184,0,5074,0.1391407173827355,False
OSTEOCYTE,HIC2,1973,2071,0,4044,-0.02423343224530168,False
OSTEOCYTE,NKX6-2,2568,2423,0,4991,0.02905229412943298,False
OSTEOCYTE,ZNF354C,1758,2140,0,3898,-0.09799897383273473,False
OSTEOCYTE,HOXA7,2297,2072,0,4369,0.05149919890135042,False
OSTEOCYTE,HOXA6,2022,2077,0,4099,-0.01341790680653818,False
OSTEOCYTE,MEOX2,2324,1793,0,4117,0.1289774107359728,False
OSTEOCYTE,HOXA10,2471,1722,0,4193,0.17863105175292154,False
OSTEOCYTE,VAX1,2161,1730,0,3891,0.11076843998971987,False
OSTEOCYTE,BARHL2,2234,1703,0,3937,0.1348742697485395,False
OSTEOCYTE,VAX2,2094,1685,0,3779,0.1082296903942842,False
OSTEOCYTE,HOXB3,1809,1746,0,3555,0.017721518987341773,False
OSTEOCYTE,GSC2,1328,2015,0,3343,-0.20550403828896202,False
OSTEOCYTE,MSANTD3,1309,1553,0,2862,-0.08525506638714186,False
OSTEOCYTE,TBX5,1262,1423,0,2685,-0.059962756052141526,False
OSTEOCYTE,NKX2-4,1058,1597,0,2655,-0.20301318267419963,False
OSTEOCYTE,NR2C1,1205,1196,0,2401,0.003748438150770512,False
OSTEOCYTE,OTX2,1159,1392,0,2551,-0.09133673069384556,False
OSTEOCYTE,BARX2,1740,1504,0,3244,0.07274969173859433,False
OSTEOCYTE,ZNF354A,1423,1486,0,2909,-0.021656926778961843,False
OSTEOCYTE,VSX1,1369,1306,0,2675,0.02355140186915888,False
OSTEOCYTE,MEIS3,1121,1442,0,2563,-0.12524385485758877,False
OSTEOCYTE,RBPJ,1201,1138,0,2339,0.026934587430525864,False
OSTEOCYTE,FOXD3,1380,1291,0,2671,0.03332085361287907,False
OSTEOCYTE,MXI1,1159,1096,0,2255,0.027937915742793792,False
OSTEOCYTE,NKX2-8,1037,1478,0,2515,-0.1753479125248509,False
OSTEOCYTE,MEF2A,1172,1170,0,2342,0.0008539709649871904,False
OSTEOCYTE,POU5F1,1421,1107,0,2528,0.12420886075949367,False
OSTEOCYTE,SOX9,838,1351,0,2189,-0.23435358611238008,False
NEURALCREST,ZNF384,4945,8462,0,13407,-0.2623256507794436,False
NEURALCREST,NFIX,4495,4597,0,9092,-0.011218653761548614,False
NEURALCREST,MEIS1,3201,4365,0,7566,-0.15384615384615385,False
NEURALCREST,SOX15,3671,3704,0,7375,-0.0044745762711864406,False
NEURALCREST,RHOXF1,3151,3444,0,6595,-0.0444275966641395,False
NEURALCREST,GSX1,3004,3278,0,6282,-0.04361668258516396,False
NEURALCREST,SRY,3115,3155,0,6270,-0.006379585326953748,False
NEURALCREST,SHOX,2623,3070,0,5693,-0.07851747760407518,False
NEURALCREST,ISL2,2843,2942,0,5785,-0.01711322385479689,False
NEURALCREST,NFATC3,3535,2413,0,5948,0.1886348352387357,False
NEURALCREST,ALX3,2196,2347,0,4543,-0.03323794849218578,False
NEURALCREST,FOXP3,2499,2227,0,4726,0.05755395683453238,False
NEURALCREST,HIC2,2679,2099,0,4778,0.12138970280452072,False
NEURALCREST,NKX6-2,1827,2238,0,4065,-0.1011070110701107,False
NEURALCREST,ZNF354C,2263,2232,0,4495,0.006896551724137931,False
NEURALCREST,HOXA7,1677,1979,0,3656,-0.0826039387308534,False
NEURALCREST,HOXA6,1677,2066,0,3743,-0.10392733101790008,False
NEURALCREST,MEOX2,2037,1745,0,3782,0.07720782654680064,False
NEURALCREST,HOXA10,1653,1633,0,3286,0.006086427267194157,False
NEURALCREST,VAX1,1701,1730,0,3431,-0.008452346254736228,False
NEURALCREST,BARHL2,1847,1694,0,3541,0.043208133295679185,False
NEURALCREST,VAX2,1668,1717,0,3385,-0.01447562776957164,False
NEURALCREST,HOXB3,1276,1692,0,2968,-0.14016172506738545,False
NEURALCREST,GSC2,1202,2078,0,3280,-0.26707317073170733,False
NEURALCREST,MSANTD3,1615,1496,0,3111,0.03825136612021858,False
NEURALCREST,TBX5,1469,1537,0,3006,-0.02262142381902861,False
NEURALCREST,NKX2-4,1143,1579,0,2722,-0.16017634092578986,False
NEURALCREST,NR2C1,1597,1271,0,2868,0.11366806136680614,False
NEURALCREST,OTX2,1046,1395,0,2441,-0.14297419090536664,False
NEURALCREST,BARX2,1109,1371,0,2480,-0.10564516129032259,False
NEURALCREST,ZNF354A,839,1477,0,2316,-0.2754749568221071,False
NEURALCREST,VSX1,977,1383,0,2360,-0.17203389830508475,False
NEURALCREST,MEIS3,1198,1468,0,2666,-0.10127531882970743,False
NEURALCREST,RBPJ,1504,1193,0,2697,0.11531331108639228,False
NEURALCREST,FOXD3,838,1322,0,2160,-0.22407407407407406,False
NEURALCREST,MXI1,1421,1227,0,2648,0.07326283987915408,False
NEURALCREST,NKX2-8,929,1488,0,2417,-0.2312784443525031,False
NEURALCREST,MEF2A,643,1189,0,1832,-0.2980349344978166,False
NEURALCREST,POU5F1,1129,1118,0,2247,0.004895416110369382,False
NEURALCREST,SOX9,1044,1358,0,2402,-0.13072439633638636,False
STOMACH,ZNF384,11104,8140,0,19244,0.15402203284140512,False
STOMACH,NFIX,4996,4251,0,9247,0.08056667027143939,False
STOMACH,MEIS1,2289,3919,0,6208,-0.26256443298969073,False
STOMACH,SOX15,3261,3419,0,6680,-0.023652694610778444,False
STOMACH,RHOXF1,4656,3101,0,7757,0.2004640969446951,False
STOMACH,GSX1,2922,3191,0,6113,-0.04400458040242107,False
STOMACH,SRY,2452,2832,0,5284,-0.07191521574564724,False
STOMACH,SHOX,2594,3068,0,5662,-0.08371600141292829,False
STOMACH,ISL2,3021,2778,0,5799,0.04190377651319193,False
STOMACH,NFATC3,2667,2292,0,4959,0.07562008469449485,False
STOMACH,ALX3,1972,2336,0,4308,-0.08449396471680594,False
STOMACH,FOXP3,2146,2016,0,4162,0.0312349831811629,False
STOMACH,HIC2,3028,1907,0,4935,0.2271529888551165,False
STOMACH,NKX6-2,1779,2195,0,3974,-0.1046804227478611,False
STOMACH,ZNF354C,2265,1881,0,4146,0.09261939218523878,False
STOMACH,HOXA7,1631,1839,0,3470,-0.05994236311239193,False
STOMACH,HOXA6,1434,1898,0,3332,-0.13925570228091236,False
STOMACH,MEOX2,1442,1622,0,3064,-0.0587467362924282,False
STOMACH,HOXA10,1672,1572,0,3244,0.030826140567200986,False
STOMACH,VAX1,1444,1712,0,3156,-0.08491761723700887,False
STOMACH,BARHL2,1482,1511,0,2993,-0.00968927497494153,False
STOMACH,VAX2,1325,1640,0,2965,-0.10623946037099494,False
STOMACH,HOXB3,1952,1556,0,3508,0.11288483466362599,False
STOMACH,GSC2,1076,1884,0,2960,-0.27297297297297296,False
STOMACH,MSANTD3,1768,1373,0,3141,0.12575612862145813,False
STOMACH,TBX5,1742,1275,0,3017,0.15478952601922438,False
STOMACH,NKX2-4,1708,1419,0,3127,0.09242085065558042,False
STOMACH,NR2C1,1734,1244,0,2978,0.16453995970449967,False
STOMACH,OTX2,2071,1330,0,3401,0.21787709497206703,False
STOMACH,BARX2,1486,1331,0,2817,0.055023074192403265,False
STOMACH,ZNF354A,1374,1339,0,2713,0.012900847769996313,False
STOMACH,VSX1,1710,1250,0,2960,0.1554054054054054,False
STOMACH,MEIS3,1086,1273,0,2359,-0.07927087749046206,False
STOMACH,RBPJ,1142,1079,0,2221,0.028365601080594327,False
STOMACH,FOXD3,1438,1146,0,2584,0.1130030959752322,False
STOMACH,MXI1,1057,1102,0,2159,-0.020842982862436313,False
STOMACH,NKX2-8,857,1282,0,2139,-0.19869097709209912,False
STOMACH,MEF2A,1510,1068,0,2578,0.17145073700543056,False
STOMACH,POU5F1,905,1070,0,1975,-0.08354430379746836,False
STOMACH,SOX9,604,1354,0,1958,-0.3830439223697651,False
MESENCHYMAL,ZNF384,12372,11303,0,23675,0.04515311510031679,False
MESENCHYMAL,NFIX,6321,5901,0,12222,0.03436426116838488,False
MESENCHYMAL,MEIS1,3744,5878,0,9622,-0.22178341301184784,False
MESENCHYMAL,SOX15,4742,5003,0,9745,-0.026782965623396614,False
MESENCHYMAL,RHOXF1,5462,4543,0,10005,0.09185407296351825,False
MESENCHYMAL,GSX1,4433,4479,0,8912,-0.005161579892280072,False
MESENCHYMAL,SRY,4085,4154,0,8239,-0.008374802767326132,False
MESENCHYMAL,SHOX,4268,4181,0,8449,0.010297076577109716,False
MESENCHYMAL,ISL2,3991,3989,0,7980,0.0002506265664160401,False
MESENCHYMAL,NFATC3,4203,3237,0,7440,0.12983870967741937,False
MESENCHYMAL,ALX3,3275,3263,0,6538,0.0018354236769654328,False
MESENCHYMAL,FOXP3,3028,3008,0,6036,0.0033134526176275677,False
MESENCHYMAL,HIC2,3683,2884,0,6567,0.12166895081467946,False
MESENCHYMAL,NKX6-2,2868,3187,0,6055,-0.05268373245251858,False
MESENCHYMAL,ZNF354C,2918,2805,0,5723,0.019744889044207584,False
MESENCHYMAL,HOXA7,2419,2579,0,4998,-0.03201280512204882,False
MESENCHYMAL,HOXA6,2145,2814,0,4959,-0.13490623109497882,False
MESENCHYMAL,MEOX2,2626,2427,0,5053,0.03938254502275876,False
MESENCHYMAL,HOXA10,2807,2251,0,5058,0.10992487149070779,False
MESENCHYMAL,VAX1,2356,2430,0,4786,-0.015461763476807356,False
MESENCHYMAL,BARHL2,2450,2304,0,4754,0.030710980227177113,False
MESENCHYMAL,VAX2,2052,2221,0,4273,-0.039550666978703485,False
MESENCHYMAL,HOXB3,2574,2241,0,4815,0.0691588785046729,False
MESENCHYMAL,GSC2,1607,2831,0,4438,-0.2757999098693105,False
MESENCHYMAL,MSANTD3,2363,2040,0,4403,0.07335907335907337,False
MESENCHYMAL,TBX5,2243,1914,0,4157,0.07914361318258359,False
MESENCHYMAL,NKX2-4,2126,2018,0,4144,0.026061776061776062,False
MESENCHYMAL,NR2C1,2154,1746,0,3900,0.10461538461538461,False
MESENCHYMAL,OTX2,2355,1950,0,4305,0.09407665505226481,False
MESENCHYMAL,BARX2,2182,1858,0,4040,0.0801980198019802,False
MESENCHYMAL,ZNF354A,2097,1993,0,4090,0.025427872860635695,False
MESENCHYMAL,VSX1,2087,1803,0,3890,0.07300771208226221,False
MESENCHYMAL,MEIS3,1560,1934,0,3494,-0.1070406410990269,False
MESENCHYMAL,RBPJ,1656,1525,0,3181,0.04118201823325998,False
MESENCHYMAL,FOXD3,1830,1805,0,3635,0.0068775790921595595,False
MESENCHYMAL,MXI1,1806,1608,0,3414,0.05799648506151142,False
MESENCHYMAL,NKX2-8,1290,1962,0,3252,-0.2066420664206642,False
MESENCHYMAL,MEF2A,1795,1589,0,3384,0.060874704491725766,False
MESENCHYMAL,POU5F1,1472,1467,0,2939,0.001701258931609391,False
MESENCHYMAL,SOX9,1109,1857,0,2966,-0.2521915037086986,False
HEPATOCYTE,ZNF384,2888,3138,0,6026,-0.0414868901427149,False
HEPATOCYTE,NFIX,1799,1861,0,3660,-0.016939890710382512,False
HEPATOCYTE,MEIS1,1123,1792,0,2915,-0.2295025728987993,False
HEPATOCYTE,SOX15,1424,1439,0,2863,-0.005239259517988124,False
HEPATOCYTE,RHOXF1,1516,1281,0,2797,0.08401859134787272,False
HEPATOCYTE,GSX1,1374,1273,0,2647,0.03815640347563279,False
HEPATOCYTE,SRY,1332,1250,0,2582,0.031758326878388844,False
HEPATOCYTE,SHOX,1306,1203,0,2509,0.04105221203666799,False
HEPATOCYTE,ISL2,1247,1118,0,2365,0.05454545454545454,False
HEPATOCYTE,NFATC3,1402,972,0,2374,0.18112889637742208,False
HEPATOCYTE,ALX3,977,938,0,1915,0.020365535248041775,False
HEPATOCYTE,FOXP3,1144,853,0,1997,0.1457185778668002,False
HEPATOCYTE,HIC2,962,851,0,1813,0.061224489795918366,False
HEPATOCYTE,NKX6-2,863,896,0,1759,-0.018760659465605456,False
HEPATOCYTE,ZNF354C,903,846,0,1749,0.032590051457975985,False
HEPATOCYTE,HOXA7,754,803,0,1557,-0.03147077713551702,False
HEPATOCYTE,HOXA6,761,820,0,1581,-0.03731815306767868,False
HEPATOCYTE,MEOX2,795,687,0,1482,0.0728744939271255,False
HEPATOCYTE,HOXA10,804,653,0,1457,0.10363761153054221,False
HEPATOCYTE,VAX1,725,690,0,1415,0.024734982332155476,False
HEPATOCYTE,BARHL2,777,667,0,1444,0.07617728531855955,False
HEPATOCYTE,VAX2,721,667,0,1388,0.03890489913544669,False
HEPATOCYTE,HOXB3,691,686,0,1377,0.0036310820624546117,False
HEPATOCYTE,GSC2,537,763,0,1300,-0.17384615384615384,False
HEPATOCYTE,MSANTD3,620,618,0,1238,0.0016155088852988692,False
HEPATOCYTE,TBX5,615,573,0,1188,0.03535353535353535,False
HEPATOCYTE,NKX2-4,554,618,0,1172,-0.05460750853242321,False
HEPATOCYTE,NR2C1,643,508,0,1151,0.11728931364031277,False
HEPATOCYTE,OTX2,716,573,0,1289,0.11093871217998448,False
HEPATOCYTE,BARX2,616,551,0,1167,0.055698371893744644,False
HEPATOCYTE,ZNF354A,520,571,0,1091,-0.04674610449129239,False
HEPATOCYTE,VSX1,570,567,0,1137,0.002638522427440633,False
HEPATOCYTE,MEIS3,441,524,0,965,-0.08601036269430051,False
HEPATOCYTE,RBPJ,576,448,0,1024,0.125,False
HEPATOCYTE,FOXD3,499,503,0,1002,-0.003992015968063872,False
HEPATOCYTE,MXI1,491,456,0,947,0.03695881731784583,False
HEPATOCYTE,NKX2-8,383,590,0,973,-0.21274409044193218,False
HEPATOCYTE,MEF2A,471,475,0,946,-0.004228329809725159,False
HEPATOCYTE,POU5F1,459,426,0,885,0.03728813559322034,False
HEPATOCYTE,SOX9,320,546,0,866,-0.26096997690531176,False
SPLEEN,ZNF384,3396,2143,0,5539,0.22621411807185413,False
SPLEEN,NFIX,1297,1188,0,2485,0.04386317907444668,False
SPLEEN,MEIS1,837,1231,0,2068,-0.19052224371373308,False
SPLEEN,SOX15,1041,1061,0,2102,-0.009514747859181731,False
SPLEEN,RHOXF1,1158,882,0,2040,0.13529411764705881,False
SPLEEN,GSX1,1025,894,0,1919,0.068264721208963,False
SPLEEN,SRY,926,863,0,1789,0.03521520402459474,False
SPLEEN,SHOX,1017,877,0,1894,0.07391763463569166,False
SPLEEN,ISL2,901,812,0,1713,0.05195563339171045,False
SPLEEN,NFATC3,985,636,0,1621,0.21529919802590994,False
SPLEEN,ALX3,729,665,0,1394,0.04591104734576758,False
SPLEEN,FOXP3,736,631,0,1367,0.07681053401609364,False
SPLEEN,HIC2,720,580,0,1300,0.1076923076923077,False
SPLEEN,NKX6-2,615,685,0,1300,-0.05384615384615385,False
SPLEEN,ZNF354C,585,550,0,1135,0.030837004405286344,False
SPLEEN,HOXA7,631,547,0,1178,0.07130730050933787,False
SPLEEN,HOXA6,488,577,0,1065,-0.0835680751173709,False
SPLEEN,MEOX2,559,492,0,1051,0.06374881065651761,False
SPLEEN,HOXA10,624,490,0,1114,0.12028725314183124,False
SPLEEN,VAX1,537,498,0,1035,0.03768115942028986,False
SPLEEN,BARHL2,540,439,0,979,0.10316649642492338,False
SPLEEN,VAX2,515,488,0,1003,0.026919242273180457,False
SPLEEN,HOXB3,609,430,0,1039,0.17228103946102022,False
SPLEEN,GSC2,388,546,0,934,-0.16916488222698073,False
SPLEEN,MSANTD3,506,407,0,913,0.10843373493975904,False
SPLEEN,TBX5,423,403,0,826,0.024213075060532687,False
SPLEEN,NKX2-4,460,406,0,866,0.06235565819861432,False
SPLEEN,NR2C1,447,383,0,830,0.07710843373493977,False
SPLEEN,OTX2,506,400,0,906,0.11699779249448124,False
SPLEEN,BARX2,535,392,0,927,0.15426105717367852,False
SPLEEN,ZNF354A,503,429,0,932,0.07939914163090128,False
SPLEEN,VSX1,440,367,0,807,0.09045848822800495,False
SPLEEN,MEIS3,338,409,0,747,-0.09504685408299866,False
SPLEEN,RBPJ,357,327,0,684,0.043859649122807015,False
SPLEEN,FOXD3,439,361,0,800,0.0975,False
SPLEEN,MXI1,335,358,0,693,-0.03318903318903319,False
SPLEEN,NKX2-8,245,389,0,634,-0.22712933753943218,False
SPLEEN,MEF2A,416,326,0,742,0.12129380053908356,False
SPLEEN,POU5F1,325,348,0,673,-0.03417533432392273,False
SPLEEN,SOX9,211,413,0,624,-0.32371794871794873,False
PANCREAS,ZNF384,2687,2098,0,4785,0.12309299895506792,False
PANCREAS,NFIX,1291,1275,0,2566,0.006235385814497272,False
PANCREAS,MEIS1,845,1208,0,2053,-0.1768144179249878,False
PANCREAS,SOX15,969,939,0,1908,0.015723270440251572,False
PANCREAS,RHOXF1,949,807,0,1756,0.08086560364464693,False
PANCREAS,GSX1,1092,853,0,1945,0.12287917737789203,False
PANCREAS,SRY,946,791,0,1737,0.0892343120322395,False
PANCREAS,SHOX,1009,813,0,1822,0.10757409440175632,False
PANCREAS,ISL2,835,733,0,1568,0.06505102040816327,False
PANCREAS,NFATC3,953,660,0,1613,0.18164910105393675,False
PANCREAS,ALX3,879,593,0,1472,0.19429347826086957,False
PANCREAS,FOXP3,734,605,0,1339,0.09634055265123226,False
PANCREAS,HIC2,701,570,0,1271,0.10306845003933911,False
PANCREAS,NKX6-2,694,552,0,1246,0.11396468699839486,False
PANCREAS,ZNF354C,497,563,0,1060,-0.062264150943396226,False
PANCREAS,HOXA7,609,508,0,1117,0.09042076991942703,False
PANCREAS,HOXA6,529,554,0,1083,-0.023084025854108958,False
PANCREAS,MEOX2,613,460,0,1073,0.14259086672879775,False
PANCREAS,HOXA10,653,391,0,1044,0.2509578544061303,False
PANCREAS,VAX1,533,460,0,993,0.07351460221550855,False
PANCREAS,BARHL2,622,418,0,1040,0.19615384615384615,False
PANCREAS,VAX2,535,426,0,961,0.11342351716961499,False
PANCREAS,HOXB3,549,389,0,938,0.17057569296375266,False
PANCREAS,GSC2,326,488,0,814,-0.19901719901719903,False
PANCREAS,MSANTD3,428,412,0,840,0.01904761904761905,False
PANCREAS,TBX5,384,399,0,783,-0.019157088122605363,False
PANCREAS,NKX2-4,358,409,0,767,-0.06649282920469361,False
PANCREAS,NR2C1,402,327,0,729,0.102880658436214,False
PANCREAS,OTX2,415,368,0,783,0.06002554278416347,False
PANCREAS,BARX2,555,335,0,890,0.24719101123595505,False
PANCREAS,ZNF354A,446,372,0,818,0.09046454767726161,False
PANCREAS,VSX1,434,350,0,784,0.10714285714285714,False
PANCREAS,MEIS3,290,380,0,670,-0.13432835820895522,False
PANCREAS,RBPJ,365,338,0,703,0.03840682788051209,False
PANCREAS,FOXD3,419,347,0,766,0.09399477806788512,False
PANCREAS,MXI1,315,329,0,644,-0.021739130434782608,False
PANCREAS,NKX2-8,269,350,0,619,-0.1308562197092084,False
PANCREAS,MEF2A,362,304,0,666,0.08708708708708708,False
PANCREAS,POU5F1,305,305,0,610,0.0,False
PANCREAS,SOX9,201,367,0,568,-0.29225352112676056,False
PERIPHERALBLOOD,ZNF384,15,51,0,66,-0.5454545454545454,False
PERIPHERALBLOOD,NFIX,42,30,0,72,0.16666666666666666,False
PERIPHERALBLOOD,MEIS1,21,30,0,51,-0.17647058823529413,False
PERIPHERALBLOOD,SOX15,10,32,0,42,-0.5238095238095238,False
PERIPHERALBLOOD,RHOXF1,25,29,0,54,-0.07407407407407407,False
PERIPHERALBLOOD,GSX1,17,28,0,45,-0.24444444444444444,False
PERIPHERALBLOOD,SRY,16,30,0,46,-0.30434782608695654,False
PERIPHERALBLOOD,SHOX,9,31,0,40,-0.55,False
PERIPHERALBLOOD,ISL2,18,27,0,45,-0.2,False
PERIPHERALBLOOD,NFATC3,26,27,0,53,-0.018867924528301886,False
PERIPHERALBLOOD,ALX3,4,25,0,29,-0.7241379310344828,False
PERIPHERALBLOOD,FOXP3,21,16,0,37,0.13513513513513514,False
PERIPHERALBLOOD,HIC2,33,20,0,53,0.24528301886792453,False
PERIPHERALBLOOD,NKX6-2,6,23,0,29,-0.5862068965517241,False
PERIPHERALBLOOD,ZNF354C,22,18,0,40,0.1,False
PERIPHERALBLOOD,HOXA7,6,19,0,25,-0.52,False
PERIPHERALBLOOD,HOXA6,9,16,0,25,-0.28,False
PERIPHERALBLOOD,MEOX2,13,12,0,25,0.04,False
PERIPHERALBLOOD,HOXA10,8,20,0,28,-0.42857142857142855,False
PERIPHERALBLOOD,VAX1,17,18,0,35,-0.02857142857142857,False
PERIPHERALBLOOD,BARHL2,4,11,0,15,-0.4666666666666667,False
PERIPHERALBLOOD,VAX2,8,16,0,24,-0.3333333333333333,False
PERIPHERALBLOOD,HOXB3,5,14,0,19,-0.47368421052631576,False
PERIPHERALBLOOD,GSC2,9,14,0,23,-0.21739130434782608,False
PERIPHERALBLOOD,MSANTD3,17,16,0,33,0.030303030303030304,False
PERIPHERALBLOOD,TBX5,21,8,0,29,0.4482758620689655,False
PERIPHERALBLOOD,NKX2-4,8,8,0,16,0.0,False
PERIPHERALBLOOD,NR2C1,9,8,0,17,0.058823529411764705,False
PERIPHERALBLOOD,OTX2,5,17,0,22,-0.5454545454545454,False
PERIPHERALBLOOD,BARX2,6,10,0,16,-0.25,False
PERIPHERALBLOOD,ZNF354A,3,11,0,14,-0.5714285714285714,False
PERIPHERALBLOOD,VSX1,5,8,0,13,-0.23076923076923078,False
PERIPHERALBLOOD,MEIS3,13,9,0,22,0.18181818181818182,False
PERIPHERALBLOOD,RBPJ,16,4,0,20,0.6,False
PERIPHERALBLOOD,FOXD3,6,15,0,21,-0.42857142857142855,False
PERIPHERALBLOOD,MXI1,14,11,0,25,0.12,False
PERIPHERALBLOOD,NKX2-8,10,11,0,21,-0.047619047619047616,False
PERIPHERALBLOOD,MEF2A,3,5,0,8,-0.25,False
PERIPHERALBLOOD,POU5F1,4,7,0,11,-0.2727272727272727,False
PERIPHERALBLOOD,SOX9,6,12,0,18,-0.3333333333333333,False
